[
    {
        "question": "who is bar\u0131\u015f man\u00e7o",
        "answer": "Mehmet Bar\u0131\u015f Man\u00e7o (born Tosun Yusuf Mehmet Bar\u0131\u015f Man\u00e7o; 2 January 1943 \u2013 1 February 1999), better known by his stage name Bar\u0131\u015f Man\u00e7o, was a Turkish rock musician, singer, composer, actor, television producer and show host. Beginning his musical career while attending Galatasaray High School, he was a pioneer of rock music in Turkey and one of the founders of the Anatolian rock genre."
    },
    {
        "question": "who is Mustafa Kemal?",
        "answer": "Mustafa Kemal Atat\u00fcrk, also known as Mustafa Kemal Pasha until 1921, and Ghazi Mustafa Kemal from 1921 until the Surname Law of 1934 (c. 1881 \u2013 10 November 1938), was a Turkish field marshal, revolutionary statesman, author, and the founding father of the Republic of Turkey, serving as its first president from 1923 until his death in 1938."
    },
    {
        "question": "who is president of Turkey",
        "answer": "The president of Turkey, officially the president of the Republic of T\u00fcrkiye (Turkish: T\u00fcrkiye Cumhuriyeti Cumhurba\u015fkan\u0131), is the head of state and head of government of Turkey. The president directs the executive branch of the national government and is the commander-in-chief of the Turkish military."
    }
]