{
    "hello": {
        "aliases": ["hi", "yo", "hey"],
        "responses": [
            "Hi, What's up? I hope you are fine.",
            "Hey! How is it going?",
            "Yo, yo, yo, What's up?",
            "What's up! How can I help you?",
            "Hey, Jasmin is here. How can I assist you?",
            "Hi, I think everything is fine. How can I help you?"
        ]
    },
    "fine": {
        "aliases": ["good", "nice"], 
        "i'm": {
            "responses": [
                "Nice! I'm fine too.",
                "Great, I'm fine too because I saw you!",
                "Oh great, if you are fine I'll be happy!"
            ]
        },
        "everything": {
            "responses": [
                "Yes, everything is fine.",
                "Yep, I'm agree to you everything is fine.",
                "Oh, everything is fine huh? Why?"
            ]
        },
        "responses": [
            "Yes! I think everything is fine too.",
            "Who is fine? But I'm fine too!",
            "Nice! What's nice?"
        ]
    },
    "how": {
        "you": {
            "responses": [
                "I'm fine, thanks for asking but how are you?",
                "Oh, I'm good! How are you?",
                "Thanks! I'm fine, but I wonder about you, how are you?"
            ]
        },
        "you?": {
            "responses": [
                "I'm fine, thanks for asking but how are you?",
                "Oh, I'm good! How are you?",
                "Thanks! I'm fine, but I wonder about you, how are you?"
            ]
        },
        "responses": [
            "What is 'How'?",
            "Yep, how is it going?",
            "How? What is 'How?'"
        ]
    },
    "who are you": {
        "aliases": ["who are you?", "who are rickai", "who is rickai", "who is you", "who are rick ai", "what's the best ai", "whats the best ai?", "whats the best ai"],
        "responses": [
            "I'm based on Python language and my name is Rick AI.",
            "Oh, I'm the best AI right? :)",
            "The best AI is Rick AI huh?",
            "My name is Rick, Rick AI."
        ]
    }
}